title,index
"
                1 Lego, Series 24 Potter Minifigure
        ",0
"
                Adriana Lego Tray
        ",1
"
                Block Invitation - Building Brick Party - Colorful Bricks Birthday Theme - Boys Birthday Invite- PES105
        ",2
"
                Horror Movie Lego Compatible Minifigure Custom Scary Killers Jason Halloween
        ",3
"
                Hey What's Up, Mini Figure Cutting File Digitally Mastered SVG, DXF  instant digital download
        ",4
"
                Outdoor Wedding Cake Topper  - Lego Minifigure Garden Wedding Cake Topper - Custom Wedding Lego  Bride & Groom Table Decoration
        ",5
"
                LEGO® Christmas Cards!
        ",6
"
                Custom Mini-Figures on a Personalized Brick - Built of LEGO® Bricks,  for Personalised Special Birthday Event Anniversary Gift For Boyfriend
        ",7
